author1,year,title,publication,url,filename,pdf_missing,exclusion_reason,experiment_ID,number_of_participants,number_of_trials,language_measure,first_second_language,imagery_measure,statistical_method,effect_of_language_on_semantic_processing,effect_size_of_language_on_semantic_processing,effect_of_imagery_on_semantic_processing,effect_size_of_imagery_on_semantic_processing,power_analysis_method,target_power,required_participants_for_language,required_participants_for_imagery,required_trials_for_language,required_trials_for_imagery
Fernandes E.G.,2025,Bilingualism and ageing independently impact on language processing: Evidence from comprehension and production,Bilingualism,https://doi.org/10.1017/S1366728924000245,Fernandes_2025_Bilingualism_and_ageing.pdf,,NA,NA,NA,NA,NA,NA,NA,NA,NA,NA,NA,NA,NA,NA,NA,NA,NA,NA
Huete-Pérez D.,2025,Individual differences in associative/semantic priming: Spreading of activation in semantic memory and epistemically unwarranted beliefs,Plos One,https://doi.org/10.1371/journal.pone.0313239,Huete-Pérez_2025_Individual_differences_in.pdf,,NA,NA,NA,NA,NA,NA,NA,NA,NA,NA,NA,NA,NA,NA,NA,NA,NA,NA
Frau F.,2025,Understanding with the body? Testing the role of verb relative embodiment across tasks at the interface of language and memory,Journal of Memory and Language,https://doi.org/10.1016/j.jml.2024.104566,Frau_2025_Understanding_with_the.pdf,,NA,NA,NA,NA,NA,NA,NA,NA,NA,NA,NA,NA,NA,NA,NA,NA,NA,NA
Isbilen E.S.,2025,Finding Words in a Sea of Text: Word Search as a Measure of Sensitivity to Statistical Regularities in Reading,Journal of Experimental Psychology Learning Memory and Cognition,https://doi.org/10.1037/xlm0001412,Isbilen_2025_Finding_Words_in.pdf,X,NA,NA,NA,NA,NA,NA,NA,NA,NA,NA,NA,NA,NA,NA,NA,NA,NA,NA
Muraki E.J.,2025,Grasping Variance in Word Norms: Individual Differences in Motor Imagery and Semantic Ratings,Journal of Cognition,https://doi.org/10.5334/joc.418,Muraki_2025_Grasping_Variance_in.pdf,,NA,NA,NA,NA,NA,NA,NA,NA,NA,NA,NA,NA,NA,NA,NA,NA,NA,NA
Grey S.,2025,Electrophysiology in the language classroom: A review of ERP individual differences studies with implications for L2 research and instruction,Instructed Second Language Acquisition,https://doi.org/10.1558/isla.28247,Grey_2025_Electrophysiology_in_the.pdf,X,NA,NA,NA,NA,NA,NA,NA,NA,NA,NA,NA,NA,NA,NA,NA,NA,NA,NA
Foryś-Nogala M.,2025,Cumulative L1-L2-L3 lexical similarity versus L2-L3 lexical similarity: What impacts learners' L3 word knowledge and L3 word processing more?,Bilingualism,https://doi.org/10.1017/S1366728925000410,Foryś-Nogala_2025_Cumulative_L1-L2-L3_lexical.pdf,,NA,NA,NA,NA,NA,NA,NA,NA,NA,NA,NA,NA,NA,NA,NA,NA,NA,NA
Kahraman H.,2025,Two decades later: letter transpositions within and across morpheme boundaries in L1 and L2 speakers,Bilingualism,https://doi.org/10.1017/S1366728924001020,Kahraman_2025_Two_decades_later:.pdf,,NA,NA,NA,NA,NA,NA,NA,NA,NA,NA,NA,NA,NA,NA,NA,NA,NA,NA
Wu J.,2025,"Distinct language control mechanisms in speech production and comprehension: evidence from N-2 repetition, switching, and mixing costs",Journal of Multilingual and Multicultural Development,https://doi.org/10.1080/01434632.2025.2522829,Wu_2025_Distinct_language_control.pdf,,NA,NA,NA,NA,NA,NA,NA,NA,NA,NA,NA,NA,NA,NA,NA,NA,NA,NA
Liu X.,2024,Individual differences in the neural architecture in semantic processing,Scientific Reports,https://doi.org/10.1038/s41598-023-49538-8,Liu_2024_Individual_differences_in.pdf,,NA,NA,NA,NA,NA,NA,NA,NA,NA,NA,NA,NA,NA,NA,NA,NA,NA,NA
Haro J.,2024,The role of individual differences in emotional word recognition: Insights from a large-scale lexical decision study,Behavior Research Methods,https://doi.org/10.3758/s13428-024-02488-z,Haro_2024_The_role_of.pdf,,NA,NA,NA,NA,NA,NA,NA,NA,NA,NA,NA,NA,NA,NA,NA,NA,NA,NA
Watkins F.,2024,Viewing angle matters in British Sign Language processing,Scientific Reports,https://doi.org/10.1038/s41598-024-51330-1,Watkins_2024_Viewing_angle_matters.pdf,,NA,NA,NA,NA,NA,NA,NA,NA,NA,NA,NA,NA,NA,NA,NA,NA,NA,NA
Heikkilä T.T.,2024,Relating foveal and parafoveal processing efficiency with word-level parameters in text reading,Journal of Memory and Language,https://doi.org/10.1016/j.jml.2024.104516,Heikkilä_2024_Relating_foveal_and.pdf,,NA,NA,NA,NA,NA,NA,NA,NA,NA,NA,NA,NA,NA,NA,NA,NA,NA,NA
Mahé G.,2024,Error-monitoring: A predictor of future reading skills? A 3-year longitudinal study in children,Developmental Cognitive Neuroscience,https://doi.org/10.1016/j.dcn.2024.101350,Mahé_2024_Error-monitoring:_A_predictor.pdf,,NA,NA,NA,NA,NA,NA,NA,NA,NA,NA,NA,NA,NA,NA,NA,NA,NA,NA
Lau G.K.B.,2024,Higher autism trait severity in children associates with diminished integration of angry prosody in semantic processing,Research in Autism Spectrum Disorders,https://doi.org/10.1016/j.rasd.2023.102325,Lau_2024_Higher_autism_trait.pdf,,NA,NA,NA,NA,NA,NA,NA,NA,NA,NA,NA,NA,NA,NA,NA,NA,NA,NA
Koutamanis E.,2024,Shared representations in cognate comprehension and production: An online picture naming and lexical decision study with bilingual children,Applied Psycholinguistics,https://doi.org/10.1017/S0142716424000158,Koutamanis_2024_Shared_representations_in.pdf,,NA,NA,NA,NA,NA,NA,NA,NA,NA,NA,NA,NA,NA,NA,NA,NA,NA,NA
Kahraman H.,2024,"Sand, Sandpaper, and Sandwiches: Evidence From a Masked Compound Priming Task in L1 and L2 Speakers of English",Journal of Cognition,https://doi.org/10.5334/joc.350,"Kahraman_2024_Sand,_Sandpaper,_and.pdf",,NA,NA,NA,NA,NA,NA,NA,NA,NA,NA,NA,NA,NA,NA,NA,NA,NA,NA
Li B.B.,2024,Cognition and beyond: Intersections of personality traits and language,Psychology of Learning and Motivation Advances in Research and Theory,https://doi.org/10.1016/bs.plm.2024.03.003,Li_2024_Cognition_and_beyond:.pdf,,Not an experimental study,NA,NA,NA,NA,NA,NA,NA,NA,NA,NA,NA,NA,NA,NA,NA,NA,NA
Lukic S.,2024,A semantic strength and neural correlates in developmental dyslexia,Frontiers in Psychology,https://doi.org/10.3389/fpsyg.2024.1405425,Lukic_2024_A_semantic_strength.pdf,,NA,NA,NA,NA,NA,NA,NA,NA,NA,NA,NA,NA,NA,NA,NA,NA,NA,NA
Baek H.,2023,Proficiency versus lexical processing efficiency as a measure of L2 lexical quality: Individual differences in word-frequency effects in L2 visual word recognition,Memory and Cognition,https://doi.org/10.3758/s13421-023-01436-0,Baek_2023_Proficiency_versus_lexical.pdf,,NA,NA,NA,NA,NA,NA,NA,NA,NA,NA,NA,NA,NA,NA,NA,NA,NA,NA
Muraki E.J.,2023,Meaning in hand: Investigating shared mechanisms of motor imagery and sensorimotor simulation in language processing,Cognition,https://doi.org/10.1016/j.cognition.2023.105589,Muraki_2023_Meaning_in_hand:.pdf,,NA,NA,NA,NA,NA,NA,NA,NA,NA,NA,NA,NA,NA,NA,NA,NA,NA,NA
Heitmeier M.,2023,How trial-to-trial learning shapes mappings in the mental lexicon: Modelling lexical decision with linear discriminative learning,Cognitive Psychology,https://doi.org/10.1016/j.cogpsych.2023.101598,Heitmeier_2023_How_trial-to-trial_learning.pdf,,NA,NA,NA,NA,NA,NA,NA,NA,NA,NA,NA,NA,NA,NA,NA,NA,NA,NA
Huete-Pérez D.,2023,Individual differences in visual word recognition: the role of epistemically unwarranted beliefs on affective processing and signal detection,Language and Cognition,https://doi.org/10.1017/langcog.2022.38,Huete-Pérez_2023_Individual_differences_in.pdf,,NA,NA,NA,NA,NA,NA,NA,NA,NA,NA,NA,NA,NA,NA,NA,NA,NA,NA
Scaff C.,2023,"Factors structuring lexical development in toddlers: The effects of parental education, language exposure, and age",Journal of Child Language,https://doi.org/10.1017/S0305000922000186,Scaff_2023_Factors_structuring_lexical.pdf,,NA,NA,NA,NA,NA,NA,NA,NA,NA,NA,NA,NA,NA,NA,NA,NA,NA,NA
Lai Y.Y.,2023,Impact of social cognitive propensity on the processing of nontransparent sentential meaning,Journal of Pragmatics,https://doi.org/10.1016/j.pragma.2022.12.014,Lai_2023_Impact_of_social.pdf,,NA,NA,NA,NA,NA,NA,NA,NA,NA,NA,NA,NA,NA,NA,NA,NA,NA,NA
Schwarz J.,2023,Individual differences in the auditory processing of morpho-phonological and semantic cues,Language Cognition and Neuroscience,https://doi.org/10.1080/23273798.2023.2227297,Schwarz_2023_Individual_differences_in.pdf,,NA,NA,NA,NA,NA,NA,NA,NA,NA,NA,NA,NA,NA,NA,NA,NA,NA,NA
Lai W.,2022,Individual differences in simultaneous perceptual compensation for coarticulatory and lexical cues,Linguistics Vanguard,https://doi.org/10.1515/lingvan-2020-0040,Lai_2022_Individual_differences_in.pdf,,NA,NA,NA,NA,NA,NA,NA,NA,NA,NA,NA,NA,NA,NA,NA,NA,NA,NA
Momsen J.,2022,Developmental differences in EEG oscillations supporting the identification of novel word meaning from context,Developmental Cognitive Neuroscience,https://doi.org/10.1016/j.dcn.2022.101185,Momsen_2022_Developmental_differences_in.pdf,,NA,NA,NA,NA,NA,NA,NA,NA,NA,NA,NA,NA,NA,NA,NA,NA,NA,NA
Zhou N.,2022,The effects of aging and perceived loneliness on lexical ambiguity resolution,Frontiers in Psychology,https://doi.org/10.3389/fpsyg.2022.978616,Zhou_2022_The_effects_of.pdf,,NA,NA,NA,NA,NA,NA,NA,NA,NA,NA,NA,NA,NA,NA,NA,NA,NA,NA
Meng D.,2022,Generalizable predictive modeling of semantic processing ability from functional brain connectivity,Human Brain Mapping,https://doi.org/10.1002/hbm.25953,Meng_2022_Generalizable_predictive_modeling.pdf,,NA,NA,NA,NA,NA,NA,NA,NA,NA,NA,NA,NA,NA,NA,NA,NA,NA,NA
Elias M.,2022,Cross-language interactions during novel word learning: The contribution of form similarity and participant characteristics,Bilingualism,https://doi.org/10.1017/S1366728921000857,Elias_2022_Cross-language_interactions_during.pdf,,NA,NA,NA,NA,NA,NA,NA,NA,NA,NA,NA,NA,NA,NA,NA,NA,NA,NA
Zou L.,2022,Brain responses during auditory word recognition vary with reading ability in Chinese school-age children,Developmental Science,https://doi.org/10.1111/desc.13216,Zou_2022_Brain_responses_during.pdf,,NA,NA,NA,NA,NA,NA,NA,NA,NA,NA,NA,NA,NA,NA,NA,NA,NA,NA
Fricke M.,2022,Modulation of Cross-Language Activation During Bilingual Auditory Word Recognition: Effects of Language Experience but Not Competing Background Noise,Frontiers in Psychology,https://doi.org/10.3389/fpsyg.2022.674157,Fricke_2022_Modulation_of_Cross-Language.pdf,,NA,NA,NA,NA,NA,NA,NA,NA,NA,NA,NA,NA,NA,NA,NA,NA,NA,NA
Xia Z.,2022,Atypical Relationships Between Neurofunctional Features of Print-Sound Integration and Reading Abilities in Chinese Children With Dyslexia,Frontiers in Psychology,https://doi.org/10.3389/fpsyg.2021.748644,Xia_2022_Atypical_Relationships_Between.pdf,,NA,NA,NA,NA,NA,NA,NA,NA,NA,NA,NA,NA,NA,NA,NA,NA,NA,NA
Mora-Plaza I.,2022,High-Variability Phonetic Training Under Different Conditions: Individual Differences in Auditory Attention Control,Second Language Learning and Teaching,Second Language Learning and Teaching,Mora-Plaza_2022_High-Variability_Phonetic_Training.pdf,X,NA,NA,NA,NA,NA,NA,NA,NA,NA,NA,NA,NA,NA,NA,NA,NA,NA,NA
Yeatman J.D.,2021,Rapid online assessment of reading ability,Scientific Reports,https://doi.org/10.1038/s41598-021-85907-x,Yeatman_2021_Rapid_online_assessment.pdf,,NA,NA,NA,NA,NA,NA,NA,NA,NA,NA,NA,NA,NA,NA,NA,NA,NA,NA
Xiong J.,2021,The Effects of Orthographic Neighborhood Size and the Influence of Individual Differences in Linguistic Skills During the Recognition of Chinese Words,Frontiers in Psychology,https://doi.org/10.3389/fpsyg.2021.727894,Xiong_2021_The_Effects_of.pdf,,NA,NA,NA,NA,NA,NA,NA,NA,NA,NA,NA,NA,NA,NA,NA,NA,NA,NA
Gosselin L.,2021,Lexical-semantic processing costs are not inherent to intra-sentential code-switching: The role of switching habits,Neuropsychologia,https://doi.org/10.1016/j.neuropsychologia.2021.107922,Gosselin_2021_Lexical-semantic_processing_costs.pdf,,NA,NA,NA,NA,NA,NA,NA,NA,NA,NA,NA,NA,NA,NA,NA,NA,NA,NA
Kim D.,2021,Effects of Print Exposure on an Online Lexical Decision Task: A Direct Replication Using a Web-Based Experimental Procedure,Frontiers in Psychology,https://doi.org/10.3389/fpsyg.2021.710663,Kim_2021_Effects_of_Print.pdf,,NA,NA,NA,NA,NA,NA,NA,NA,NA,NA,NA,NA,NA,NA,NA,NA,NA,NA
Stern M.C.,2021,Syntactic and semantic influences on the time course of relative clause processing: The role of language dominance,Brain Sciences,https://doi.org/10.3390/brainsci11080989,Stern_2021_Syntactic_and_semantic.pdf,,NA,NA,NA,NA,NA,NA,NA,NA,NA,NA,NA,NA,NA,NA,NA,NA,NA,NA
Xu X.,2021,"Age of acquisition ratings for 19,716 simplified Chinese words",Behavior Research Methods,https://doi.org/10.3758/s13428-020-01455-8,Xu_2021_Age_of_acquisition.pdf,,NA,NA,NA,NA,NA,NA,NA,NA,NA,NA,NA,NA,NA,NA,NA,NA,NA,NA
Chaouch-Orozco A.,2021,Individual differences in bilingual word recognition: The role of experiential factors and word frequency in cross-language lexical priming,Applied Psycholinguistics,https://doi.org/10.1017/S014271642000082X,Chaouch-Orozco_2021_Individual_differences_in.pdf,,NA,NA,NA,NA,NA,NA,NA,NA,NA,NA,NA,NA,NA,NA,NA,NA,NA,NA
Kahraman H.,2021,Letter transpositions and morphemic boundaries in the second language processing of derived words: An exploratory study of individual differences,Applied Psycholinguistics,https://doi.org/10.1017/S0142716420000673,Kahraman_2021_Letter_transpositions_and.pdf,,NA,NA,NA,NA,NA,NA,NA,NA,NA,NA,NA,NA,NA,NA,NA,NA,NA,NA
Grant A.M.,2021,Electrophysiology reflects the influence of discourse context on auditory semantic processing in bilinguals.,Journal of Experimental Psychology Learning Memory and Cognition,https://doi.org/10.1037/xlm0000813,Grant_2021_Electrophysiology_reflects_the.pdf,X,NA,NA,NA,NA,NA,NA,NA,NA,NA,NA,NA,NA,NA,NA,NA,NA,NA,NA
Muraki E.J.,2021,Simulating Semantics: Are Individual Differences in Motor Imagery Related to Sensorimotor Effects in Language Processing?,Journal of Experimental Psychology Learning Memory and Cognition,https://doi.org/10.1037/xlm0001039,Muraki_2021_Simulating_Semantics:_Are.pdf,,NA,NA,NA,NA,NA,NA,NA,NA,NA,NA,NA,NA,NA,NA,NA,NA,NA,NA
Bousard I.,2021,The dutch auditory & image vocabulary test (DAIVT): A new dutch receptive vocabulary test for students,Psychologica Belgica,https://doi.org/10.5334/PB.552,Bousard_2021_The_dutch_auditory.pdf,,NA,NA,NA,NA,NA,NA,NA,NA,NA,NA,NA,NA,NA,NA,NA,NA,NA,NA
Bruckert L.,2021,Investigating the effects of handedness on the consistency of lateralization for speech production and semantic processing tasks using functional transcranial Doppler sonography,Laterality,https://doi.org/10.1080/1357650X.2021.1898416,Bruckert_2021_Investigating_the_effects.pdf,,NA,NA,NA,NA,NA,NA,NA,NA,NA,NA,NA,NA,NA,NA,NA,NA,NA,NA
Carolan P.J.,2021,Financial reward has differential effects on behavioural and self-report measures of listening effort,International Journal of Audiology,https://doi.org/10.1080/14992027.2021.1884907,Carolan_2021_Financial_reward_has.pdf,,NA,NA,NA,NA,NA,NA,NA,NA,NA,NA,NA,NA,NA,NA,NA,NA,NA,NA
Longenecker J.M.,2021,Self-Reported Perceptual Aberrations in Psychosis Map to Event-Related Potentials and Semantic Appraisals of Objects,Journal of Abnormal Psychology,https://doi.org/10.1037/abn0000697,Longenecker_2021_Self-Reported_Perceptual_Aberrations.pdf,X,NA,NA,NA,NA,NA,NA,NA,NA,NA,NA,NA,NA,NA,NA,NA,NA,NA,NA
Park J.,2020,Is inhibition involved in the processing of opaque compound words?: A study of individual differences,Mental Lexicon,https://doi.org/10.1075/ml.19011.par,Park_2020_Is_inhibition_involved.pdf,,NA,NA,NA,NA,NA,NA,NA,NA,NA,NA,NA,NA,NA,NA,NA,NA,NA,NA
Denis-Noël A.,2020,Activation time-course of phonological code in silent word recognition in adult readers with and without dyslexia,Annals of Dyslexia,https://doi.org/10.1007/s11881-020-00201-1,Denis-Noël_2020_Activation_time-course_of.pdf,,NA,NA,NA,NA,NA,NA,NA,NA,NA,NA,NA,NA,NA,NA,NA,NA,NA,NA
Goh W.D.,2020,"The Auditory English Lexicon Project: A multi-talker, multi-region psycholinguistic database of 10,170 spoken words and nonwords",Behavior Research Methods,https://doi.org/10.3758/s13428-020-01352-0,Goh_2020_The_Auditory_English.pdf,,NA,NA,NA,NA,NA,NA,NA,NA,NA,NA,NA,NA,NA,NA,NA,NA,NA,NA
Mor B.,2020,Individual differences in L2 frequency effects in different script bilinguals,International Journal of Bilingualism,https://doi.org/10.1177/1367006919876356,Mor_2020_Individual_differences_in.pdf,,NA,NA,NA,NA,NA,NA,NA,NA,NA,NA,NA,NA,NA,NA,NA,NA,NA,NA
Ventura P.,2020,Holistic word processing is correlated with efficiency in visual word recognition,Attention Perception and Psychophysics,https://doi.org/10.3758/s13414-020-01988-2,Ventura_2020_Holistic_word_processing.pdf,,NA,NA,NA,NA,NA,NA,NA,NA,NA,NA,NA,NA,NA,NA,NA,NA,NA,NA
Troyer M.,2020,Harry Potter and the Chamber of What?: the impact of what individuals know on word processing during reading,Language Cognition and Neuroscience,https://doi.org/10.1080/23273798.2018.1503309,Troyer_2020_Harry_Potter_and.pdf,,NA,NA,NA,NA,NA,NA,NA,NA,NA,NA,NA,NA,NA,NA,NA,NA,NA,NA
Dujardin E.,2020,"Effects of deletion neighbourhood frequency and individual differences in lexical decision, progressive demasking, and naming",Canadian Journal of Experimental Psychology,https://doi.org/10.1037/cep0000193,Dujardin_2020_Effects_of_deletion.pdf,,NA,NA,NA,NA,NA,NA,NA,NA,NA,NA,NA,NA,NA,NA,NA,NA,NA,NA
Guan C.Q.,2020,Cross-Linguistic Word Recognition Development Among Chinese Children: A Multilevel Linear Mixed-Effects Modeling Approach,Frontiers in Psychology,https://doi.org/10.3389/fpsyg.2020.00544,Guan_2020_Cross-Linguistic_Word_Recognition.pdf,,NA,NA,NA,NA,NA,NA,NA,NA,NA,NA,NA,NA,NA,NA,NA,NA,NA,NA
Lim R.Y.H.,2020,Individual differences in Cantonese Chinese word recognition: Insights from the Chinese Lexicon Project,Quarterly Journal of Experimental Psychology,https://doi.org/10.1177/1747021820906566,Lim_2020_Individual_differences_in.pdf,,NA,NA,NA,NA,NA,NA,NA,NA,NA,NA,NA,NA,NA,NA,NA,NA,NA,NA
García-Castro V.,2020,The effects of vocabulary knowledge in L2 semantic lexical engagement: The case of adult learners of English as a second language,Indonesian Journal of Applied Linguistics,https://doi.org/10.17509/IJAL.V10I1.25068,García-Castro_2020_The_effects_of.pdf,,NA,NA,NA,NA,NA,NA,NA,NA,NA,NA,NA,NA,NA,NA,NA,NA,NA,NA
Hintz F.,2020,Shared Lexical Access Processes in Speaking and Listening? An Individual Differences Study,Journal of Experimental Psychology Learning Memory and Cognition,https://doi.org/10.1037/xlm0000768,Hintz_2020_Shared_Lexical_Access.pdf,,NA,NA,NA,NA,NA,NA,NA,NA,NA,NA,NA,NA,NA,NA,NA,NA,NA,NA
Spätgens T.,2019,Individual differences in reading comprehension in monolingual and bilingual children: The influence of semantic priming during sentence reading,Learning and Individual Differences,https://doi.org/10.1016/j.lindif.2019.101777,Spätgens_2019_Individual_differences_in.pdf,,NA,NA,NA,NA,NA,NA,NA,NA,NA,NA,NA,NA,NA,NA,NA,NA,NA,NA
Chen Q.,2019,Brain hemispheric involvement in visuospatial and verbal divergent thinking,Neuroimage,https://doi.org/10.1016/j.neuroimage.2019.116065,Chen_2019_Brain_hemispheric_involvement.pdf,,NA,NA,NA,NA,NA,NA,NA,NA,NA,NA,NA,NA,NA,NA,NA,NA,NA,NA
Lee H.,2019,Development and assessment of the Korean Author Recognition Test,Quarterly Journal of Experimental Psychology,https://doi.org/10.1177/1747021818814461,Lee_2019_Development_and_assessment.pdf,,NA,NA,NA,NA,NA,NA,NA,NA,NA,NA,NA,NA,NA,NA,NA,NA,NA,NA
Yates M.,2019,Individual differences in spelling ability influence phonological processing during visual word recognition,Cognition,https://doi.org/10.1016/j.cognition.2019.02.015,Yates_2019_Individual_differences_in.pdf,,NA,NA,NA,NA,NA,NA,NA,NA,NA,NA,NA,NA,NA,NA,NA,NA,NA,NA
Wagner A.E.,2019,Individual Variations in Effort: Assessing Pupillometry for the Hearing Impaired,Trends in Hearing,https://doi.org/10.1177/2331216519845596,Wagner_2019_Individual_Variations_in.pdf,,NA,NA,NA,NA,NA,NA,NA,NA,NA,NA,NA,NA,NA,NA,NA,NA,NA,NA
Schauenburg G.,2019,Making sense of social interaction: Emotional coherence drives semantic integration as assessed by event-related potentials,Neuropsychologia,https://doi.org/10.1016/j.neuropsychologia.2019.01.002,Schauenburg_2019_Making_sense_of.pdf,,NA,NA,NA,NA,NA,NA,NA,NA,NA,NA,NA,NA,NA,NA,NA,NA,NA,NA
Friesen D.C.,2018,Cross-language associative priming is influenced by language proficiency and executive control,Canadian Journal of Experimental Psychology,https://doi.org/10.1037/cep0000155,Friesen_2018_Cross-language_associative_priming.pdf,X,NA,NA,NA,NA,NA,NA,NA,NA,NA,NA,NA,NA,NA,NA,NA,NA,NA,NA
Mineroff Z.,2018,"A robust dissociation among the language, multiple demand, and default mode networks: Evidence from inter-region correlations in effect size",Neuropsychologia,https://doi.org/10.1016/j.neuropsychologia.2018.09.011,Mineroff_2018_A_robust_dissociation.pdf,,NA,NA,NA,NA,NA,NA,NA,NA,NA,NA,NA,NA,NA,NA,NA,NA,NA,NA
Pluck G.,2018,Lexical reading ability predicts academic achievement at university level,Cognition Brain Behavior an Interdisciplinary Journal,https://doi.org/10.24193/cbb.2018.22.12,Pluck_2018_Lexical_reading_ability.pdf,,NA,NA,NA,NA,NA,NA,NA,NA,NA,NA,NA,NA,NA,NA,NA,NA,NA,NA
Pexman P.M.,2018,Individual differences in semantic processing: Insights from the Calgary Semantic Decision Project,Journal of Experimental Psychology Learning Memory and Cognition,https://doi.org/10.1037/xlm0000499,Pexman_2018_Individual_differences_in.pdf,X,NA,NA,NA,NA,NA,NA,NA,NA,NA,NA,NA,NA,NA,NA,NA,NA,NA,NA
Sagarra N.,2018,Benefits of study abroad and working memory on L2 morphosyntactic processing,Routledge Handbook of Study Abroad Research and Practice,https://doi.org/NA,Sagarra_2018_Benefits_of_study.pdf,,NA,NA,NA,NA,NA,NA,NA,NA,NA,NA,NA,NA,NA,NA,NA,NA,NA,NA
Cacciari C.,2018,Cognitive and personality components underlying spoken idiom comprehension in context. An exploratory study,Frontiers in Psychology,https://doi.org/10.3389/fpsyg.2018.00659,Cacciari_2018_Cognitive_and_personality.pdf,,NA,NA,NA,NA,NA,NA,NA,NA,NA,NA,NA,NA,NA,NA,NA,NA,NA,NA
Cox G.E.,2018,"Information and processes underlying semantic and episodic memory across tasks, items, and individuals",Journal of Experimental Psychology General,https://doi.org/10.1037/xge0000407,Cox_2018_Information_and_processes.pdf,,NA,NA,NA,NA,NA,NA,NA,NA,NA,NA,NA,NA,NA,NA,NA,NA,NA,NA
Schmidtke D.,2018,Individual variability in the semantic processing of english compound words,Journal of Experimental Psychology Learning Memory and Cognition,https://doi.org/10.1037/xlm0000442,Schmidtke_2018_Individual_variability_in.pdf,,NA,NA,NA,NA,NA,NA,NA,NA,NA,NA,NA,NA,NA,NA,NA,NA,NA,NA
Spätgens T.,2018,"The semantic network, lexical access, and reading comprehension in monolingual and bilingual children: An individual differences study",Applied Psycholinguistics,https://doi.org/10.1017/S0142716417000224,"Spätgens_2018_The_semantic_network,.pdf",,NA,NA,NA,NA,NA,NA,NA,NA,NA,NA,NA,NA,NA,NA,NA,NA,NA,NA
Tanner D.,2018,Individual Differences in the Real-Time Neural Dynamics of Language Comprehension,Psychology of Learning and Motivation Advances in Research and Theory,https://doi.org/10.1016/bs.plm.2018.08.007,Tanner_2018_Individual_Differences_in.pdf,,Not an experimental study,NA,NA,NA,NA,NA,NA,NA,NA,NA,NA,NA,NA,NA,NA,NA,NA,NA
Davies R.A.I.,2017,Reading through the life span: Individual differences in psycholinguistic effects,Journal of Experimental Psychology Learning Memory and Cognition,https://doi.org/10.1037/xlm0000366,Davies_2017_Reading_through_the.pdf,,NA,NA,NA,NA,NA,NA,NA,NA,NA,NA,NA,NA,NA,NA,NA,NA,NA,NA
Mainz N.,2017,Vocabulary knowledge predicts lexical processing: Evidence from a group of participants with diverse educational backgrounds,Frontiers in Psychology,https://doi.org/10.3389/fpsyg.2017.01164,Mainz_2017_Vocabulary_knowledge_predicts.pdf,,NA,NA,NA,NA,NA,NA,NA,NA,NA,NA,NA,NA,NA,NA,NA,NA,NA,NA
Sotiropoulos A.,2017,Lexical decision performance in developmental surface dysgraphia: Evidence for a unitary orthographic system that is used in both reading and spelling,Cognitive Neuropsychology,https://doi.org/10.1080/02643294.2017.1368468,Sotiropoulos_2017_Lexical_decision_performance.pdf,,NA,NA,NA,NA,NA,NA,NA,NA,NA,NA,NA,NA,NA,NA,NA,NA,NA,NA
Andrews S.,2017,Individual differences in automatic semantic priming,Journal of Experimental Psychology Human Perception and Performance,https://doi.org/10.1037/xhp0000372,Andrews_2017_Individual_differences_in.pdf,,NA,NA,NA,NA,NA,NA,NA,NA,NA,NA,NA,NA,NA,NA,NA,NA,NA,NA
Litcofsky K.A.,2016,"Effects of language experience, use, and cognitive functioning on bilingual word production and comprehension",International Journal of Bilingualism,https://doi.org/10.1177/1367006915579737,Litcofsky_2016_Effects_of_language.pdf,,NA,NA,NA,NA,NA,NA,NA,NA,NA,NA,NA,NA,NA,NA,NA,NA,NA,NA
Woollams A.,2016,Do you read how i read? Systematic individual differences in semantic reliance amongst normal readers,Frontiers in Psychology,https://doi.org/10.3389/fpsyg.2016.01757,Woollams_2016_Do_you_read.pdf,,NA,NA,NA,NA,NA,NA,NA,NA,NA,NA,NA,NA,NA,NA,NA,NA,NA,NA
Medeiros J.,2016,Not everybody sees the ness in the darkness: Individual differences in masked suffix priming,Frontiers in Psychology,https://doi.org/10.3389/fpsyg.2016.01585,Medeiros_2016_Not_everybody_sees.pdf,,NA,NA,NA,NA,NA,NA,NA,NA,NA,NA,NA,NA,NA,NA,NA,NA,NA,NA
Ortells J.J.,2016,Individual differences in working memory capacity modulates semantic negative priming from single prime words,Frontiers in Psychology,https://doi.org/10.3389/fpsyg.2016.01286,Ortells_2016_Individual_differences_in.pdf,,NA,NA,NA,NA,NA,NA,NA,NA,NA,NA,NA,NA,NA,NA,NA,NA,NA,NA
Cohen-Shikora E.R.,2016,Visual word recognition across the adult lifespan,Psychology and Aging,https://doi.org/10.1037/pag0000100,Cohen-Shikora_2016_Visual_word_recognition.pdf,,NA,NA,NA,NA,NA,NA,NA,NA,NA,NA,NA,NA,NA,NA,NA,NA,NA,NA
Beyersmann E.,2016,Embedded Stem Priming Effects in Prefixed and Suffixed Pseudowords,Scientific Studies of Reading,https://doi.org/10.1080/10888438.2016.1140769,Beyersmann_2016_Embedded_Stem_Priming.pdf,,NA,NA,NA,NA,NA,NA,NA,NA,NA,NA,NA,NA,NA,NA,NA,NA,NA,NA
Protopapas A.,2016,Short-term and long-term effects on visual word recognition,Journal of Experimental Psychology Learning Memory and Cognition,https://doi.org/10.1037/xlm0000191,Protopapas_2016_Short-term_and_long-term.pdf,,NA,NA,NA,NA,NA,NA,NA,NA,NA,NA,NA,NA,NA,NA,NA,NA,NA,NA
Tan L.C.,2016,Are individual differences in masked repetition and semantic priming reliable?,Visual Cognition,https://doi.org/10.1080/13506285.2016.1214201,Tan_2016_Are_individual_differences.pdf,,NA,NA,NA,NA,NA,NA,NA,NA,NA,NA,NA,NA,NA,NA,NA,NA,NA,NA
Balass M.,2016,Semantic processes and individual differences detected through error-related negativities,Journal of Neurolinguistics,https://doi.org/10.1016/j.jneuroling.2015.08.002,Balass_2016_Semantic_processes_and.pdf,,NA,NA,NA,NA,NA,NA,NA,NA,NA,NA,NA,NA,NA,NA,NA,NA,NA,NA
Yap M.J.,2016,Individual differences in semantic priming performance: Insights from the semantic priming project,Big Data in Cognitive Science,https://doi.org/10.4324/9781315413570,Yap_2016_Individual_differences_in.pdf,,NA,NA,NA,NA,NA,NA,NA,NA,NA,NA,NA,NA,NA,NA,NA,NA,NA,NA
Germano G.D.,2016,Investigation of the subtypes of developmental dyslexia in brazilian’s children,Dyslexia Perspectives Challenges and Treatment Options,https://doi.org/NA,Germano_2016_Investigation_of_the.pdf,X,NA,NA,NA,NA,NA,NA,NA,NA,NA,NA,NA,NA,NA,NA,NA,NA,NA,NA
Beyersmann E.,2015,Effects of reading proficiency on embedded stem priming in primary school children,Journal of Experimental Child Psychology,https://doi.org/10.1016/j.jecp.2015.06.001,Beyersmann_2015_Effects_of_reading.pdf,,NA,NA,NA,NA,NA,NA,NA,NA,NA,NA,NA,NA,NA,NA,NA,NA,NA,NA
Arêas Da Luz Fontes A.B.,2015,Bilingual access of homonym meanings: Individual differences in bilingual access of homonym meanings,Bilingualism,https://doi.org/10.1017/S1366728914000509,Arêas_2015_Bilingual_access_of.pdf,,NA,NA,NA,NA,NA,NA,NA,NA,NA,NA,NA,NA,NA,NA,NA,NA,NA,NA
Beyersmann E.,2015,Language proficiency and morpho-orthographic segmentation,Psychonomic Bulletin and Review,https://doi.org/10.3758/s13423-014-0752-9,Beyersmann_2015_Language_proficiency_and.pdf,,NA,NA,NA,NA,NA,NA,NA,NA,NA,NA,NA,NA,NA,NA,NA,NA,NA,NA
Hoffman P.,2015,Triangulation of the neurocomputational architecture underpinning reading aloud,Proceedings of the National Academy of Sciences of the United States of America,https://doi.org/10.1073/pnas.1502032112,Hoffman_2015_Triangulation_of_the.pdf,,NA,NA,NA,NA,NA,NA,NA,NA,NA,NA,NA,NA,NA,NA,NA,NA,NA,NA
Yap M.J.,2015,Responding to nonwords in the lexical decision task: Insights from the english Lexicon project,Journal of Experimental Psychology Learning Memory and Cognition,https://doi.org/10.1037/xlm0000064,Yap_2015_Responding_to_nonwords.pdf,,NA,NA,NA,NA,NA,NA,NA,NA,NA,NA,NA,NA,NA,NA,NA,NA,NA,NA
Goodhew S.,2015,Enhanced semantic priming in synesthetes independent of sensory binding,Consciousness and Cognition,https://doi.org/10.1016/j.concog.2015.02.019,Goodhew_2015_Enhanced_semantic_priming.pdf,,NA,NA,NA,NA,NA,NA,NA,NA,NA,NA,NA,NA,NA,NA,NA,NA,NA,NA
Grey S.,2015,The role of individual differences in the study Abroad context: Cognitive capacity and language development during short-term intensive language exposure,Modern Language Journal,https://doi.org/10.1111/modl.12190,Grey_2015_The_role_of.pdf,,NA,NA,NA,NA,NA,NA,NA,NA,NA,NA,NA,NA,NA,NA,NA,NA,NA,NA
Herzig D.A.,2015,Hemispheric language asymmetry in first episode psychosis and schizotypy: The role of cannabis consumption and cognitive disorganization,Schizophrenia Bulletin,https://doi.org/10.1093/schbul/sbu179,Herzig_2015_Hemispheric_language_asymmetry.pdf,,NA,NA,NA,NA,NA,NA,NA,NA,NA,NA,NA,NA,NA,NA,NA,NA,NA,NA
Casaponsa A.,2015,Foreign language comprehension achievement: Insights from the cognate facilitation effect,Frontiers in Psychology,https://doi.org/10.3389/fpsyg.2015.00588,Casaponsa_2015_Foreign_language_comprehension.pdf,,NA,NA,NA,NA,NA,NA,NA,NA,NA,NA,NA,NA,NA,NA,NA,NA,NA,NA
Xu X.,2014,The effects of gender and self-insight on early semantic processing,Plos One,https://doi.org/10.1371/journal.pone.0114421,Xu_2014_The_effects_of.pdf,,NA,NA,NA,NA,NA,NA,NA,NA,NA,NA,NA,NA,NA,NA,NA,NA,NA,NA
Duñabeitia J.A.,2014,Revisiting letter transpositions within and across morphemic boundaries,Psychonomic Bulletin and Review,https://doi.org/10.3758/s13423-014-0609-2,Duñabeitia_2014_Revisiting_letter_transpositions.pdf,,NA,NA,NA,NA,NA,NA,NA,NA,NA,NA,NA,NA,NA,NA,NA,NA,NA,NA
Adelman J.S.,2014,A behavioral database for masked form priming,Behavior Research Methods,https://doi.org/10.3758/s13428-013-0442-y,Adelman_2014_A_behavioral_database.pdf,,NA,NA,NA,NA,NA,NA,NA,NA,NA,NA,NA,NA,NA,NA,NA,NA,NA,NA
Welcome S.,2014,Individual differences in white matter anatomy predict dissociable components of reading skill in adults,Neuroimage,https://doi.org/10.1016/j.neuroimage.2014.03.069,Welcome_2014_Individual_differences_in.pdf,,NA,NA,NA,NA,NA,NA,NA,NA,NA,NA,NA,NA,NA,NA,NA,NA,NA,NA
Woollams A.M.,2014,Connectionist neuropsychology: Uncovering ultimate causes of acquired dyslexia,Philosophical Transactions of the Royal Society B Biological Sciences,https://doi.org/10.1098/rstb.2012.0398,Woollams_2014_Connectionist_neuropsychology:_Uncovering.pdf,,NA,NA,NA,NA,NA,NA,NA,NA,NA,NA,NA,NA,NA,NA,NA,NA,NA,NA
Elgort I.,2014,L2 Vocabulary Learning From Reading: Explicit and Tacit Lexical Knowledge and the Role of Learner and Item Variables,Language Learning,https://doi.org/10.1111/lang.12052,Elgort_2014_L2_Vocabulary_Learning.pdf,,NA,NA,NA,NA,NA,NA,NA,NA,NA,NA,NA,NA,NA,NA,NA,NA,NA,NA
Smith F.X.,2014,Efficient cognitive operations predict skill acquisition,Learning and Individual Differences,https://doi.org/10.1016/j.lindif.2013.10.011,Smith_2014_Efficient_cognitive_operations.pdf,,NA,NA,NA,NA,NA,NA,NA,NA,NA,NA,NA,NA,NA,NA,NA,NA,NA,NA
Hutchinson S.,2013,Language statistics and individual differences in processing primary metaphors,Cognitive Linguistics,https://doi.org/10.1515/cog-2013-0023,Hutchinson_2013_Language_statistics_and.pdf,,NA,NA,NA,NA,NA,NA,NA,NA,NA,NA,NA,NA,NA,NA,NA,NA,NA,NA
Kuperman V.,2013,Reassessing word frequency as a determinant of word recognition for skilled and unskilled readers,Journal of Experimental Psychology Human Perception and Performance,https://doi.org/10.1037/a0030859,Kuperman_2013_Reassessing_word_frequency.pdf,,NA,NA,NA,NA,NA,NA,NA,NA,NA,NA,NA,NA,NA,NA,NA,NA,NA,NA
Egidi G.,2013,Cortical systems for local and global integration in discourse comprehension,Neuroimage,https://doi.org/10.1016/j.neuroimage.2013.01.003,Egidi_2013_Cortical_systems_for.pdf,,NA,NA,NA,NA,NA,NA,NA,NA,NA,NA,NA,NA,NA,NA,NA,NA,NA,NA
Andrews S.,2013,Is morphological priming stronger for transparent than opaque words? It depends on individual differences in spelling and vocabulary,Journal of Memory and Language,https://doi.org/10.1016/j.jml.2012.12.001,Andrews_2013_Is_morphological_priming.pdf,,NA,NA,NA,NA,NA,NA,NA,NA,NA,NA,NA,NA,NA,NA,NA,NA,NA,NA
Gershkoff-Stowe L.,2013,Word comprehension and production asymmetries in children and adults,Journal of Experimental Child Psychology,https://doi.org/10.1016/j.jecp.2012.11.005,Gershkoff-Stowe_2013_Word_comprehension_and.pdf,,NA,NA,NA,NA,NA,NA,NA,NA,NA,NA,NA,NA,NA,NA,NA,NA,NA,NA
Herzig D.,2013,Stressing schizotypy: The modulating role of stress-relieving behaviours and intellectual capacity on functional hemispheric asymmetry,Laterality,https://doi.org/10.1080/1357650X.2011.638638,Herzig_2013_Stressing_schizotypy:_The.pdf,,NA,NA,NA,NA,NA,NA,NA,NA,NA,NA,NA,NA,NA,NA,NA,NA,NA,NA
Staub A.,2013,Individual differences in fixation duration distributions in reading,Psychonomic Bulletin and Review,https://doi.org/10.3758/s13423-013-0444-x,Staub_2013_Individual_differences_in.pdf,,NA,NA,NA,NA,NA,NA,NA,NA,NA,NA,NA,NA,NA,NA,NA,NA,NA,NA
Katz L.,2012,What lexical decision and naming tell us about reading,Reading and Writing,https://doi.org/10.1007/s11145-011-9316-9,Katz_2012_What_lexical_decision.pdf,,NA,NA,NA,NA,NA,NA,NA,NA,NA,NA,NA,NA,NA,NA,NA,NA,NA,NA
Welcome S.E.,2012,Individual differences in skilled adult readers reveal dissociable patterns of neural activity associated with component processes of reading,Brain and Language,https://doi.org/10.1016/j.bandl.2011.12.011,Welcome_2012_Individual_differences_in.pdf,,NA,NA,NA,NA,NA,NA,NA,NA,NA,NA,NA,NA,NA,NA,NA,NA,NA,NA
Yap M.J.,2012,Individual differences in visual word recognition: Insights from the English Lexicon Project,Journal of Experimental Psychology Human Perception and Performance,https://doi.org/10.1037/a0024177,Yap_2012_Individual_differences_in.pdf,,NA,NA,NA,NA,NA,NA,NA,NA,NA,NA,NA,NA,NA,NA,NA,NA,NA,NA
Wei T.,2012,Predicting conceptual processing capacity from spontaneous neuronal activity of the left middle temporal gyrus,Journal of Neuroscience,https://doi.org/10.1523/JNEUROSCI.1953-11.2012,Wei_2012_Predicting_conceptual_processing.pdf,,NA,NA,NA,NA,NA,NA,NA,NA,NA,NA,NA,NA,NA,NA,NA,NA,NA,NA
Andrews S.,2012,Not all skilled readers have cracked the code: Individual differences in masked form priming,Journal of Experimental Psychology Learning Memory and Cognition,https://doi.org/10.1037/a0024953,Andrews_2012_Not_all_skilled.pdf,X,NA,NA,NA,NA,NA,NA,NA,NA,NA,NA,NA,NA,NA,NA,NA,NA,NA,NA
Barreyro J.,2012,Working memory capacity and individual differences in the making of reinstatement and elaborative inferences,Spanish Journal of Psychology,https://doi.org/10.5209/rev_SJOP.2012.v15.n2.38857,Barreyro_2012_Working_memory_capacity.pdf,,NA,NA,NA,NA,NA,NA,NA,NA,NA,NA,NA,NA,NA,NA,NA,NA,NA,NA
Díaz B.,2012,Individual differences in late bilinguals' L2 phonological processes: From acoustic-phonetic analysis to lexical access,Learning and Individual Differences,https://doi.org/10.1016/j.lindif.2012.05.005,Díaz_2012_Individual_differences_in.pdf,,NA,NA,NA,NA,NA,NA,NA,NA,NA,NA,NA,NA,NA,NA,NA,NA,NA,NA
Hargreaves I.S.,2012,How a hobby can shape cognition: Visual word recognition in competitive Scrabble players,Memory and Cognition,https://doi.org/10.3758/s13421-011-0137-5,Hargreaves_2012_How_a_hobby.pdf,,NA,NA,NA,NA,NA,NA,NA,NA,NA,NA,NA,NA,NA,NA,NA,NA,NA,NA
Henderson L.,2011,"The N400 effect in children: Relationships with comprehension, vocabulary and decoding",Brain and Language,https://doi.org/10.1016/j.bandl.2010.12.003,Henderson_2011_The_N400_effect.pdf,,NA,NA,NA,NA,NA,NA,NA,NA,NA,NA,NA,NA,NA,NA,NA,NA,NA,NA
Yap M.,2009,Individual differences in the joint effects of semantic priming and word frequency revealed by RT distributional analyses: The role of lexical integrity,Journal of Memory and Language,https://doi.org/10.1016/j.jml.2009.07.001,Yap_2009_Individual_differences_in.pdf,,NA,NA,NA,NA,NA,NA,NA,NA,NA,NA,NA,NA,NA,NA,NA,NA,NA,NA
Frishkoff G.,2009,ERP measures of partial semantic knowledge: Left temporal indices of skill differences and lexical quality,Biological Psychology,https://doi.org/10.1016/j.biopsycho.2008.04.017,Frishkoff_2009_ERP_measures_of.pdf,,NA,NA,NA,NA,NA,NA,NA,NA,NA,NA,NA,NA,NA,NA,NA,NA,NA,NA
Ruthruff E.,2008,Visual word recognition without central attention: Evidence for greater automaticity with greater reading ability,Psychonomic Bulletin and Review,https://doi.org/10.3758/PBR.15.2.337,Ruthruff_2008_Visual_word_recognition.pdf,,NA,NA,NA,NA,NA,NA,NA,NA,NA,NA,NA,NA,NA,NA,NA,NA,NA,NA
Dilkina K.,2008,A single-system account of semantic and lexical deficits in five semantic dementia patients,Cognitive Neuropsychology,https://doi.org/10.1080/02643290701723948,Dilkina_2008_A_single-system_account.pdf,,NA,NA,NA,NA,NA,NA,NA,NA,NA,NA,NA,NA,NA,NA,NA,NA,NA,NA
Pérez-Pereira M.,2007,Short forms of the Inventario do Desenvolvemento de Habilidades Comunicativas: Normative data and psychometric properties,Infancia Y Aprendizaje,https://doi.org/10.1174/021037007782334292,Pérez-Pereira_2007_Short_forms_of.pdf,,NA,NA,NA,NA,NA,NA,NA,NA,NA,NA,NA,NA,NA,NA,NA,NA,NA,NA
McGinnis D.,2007,Metacomprehension during rare word comprehension,Reading Psychology,https://doi.org/10.1080/02702710601186373,McGinnis_2007_Metacomprehension_during_rare.pdf,,NA,NA,NA,NA,NA,NA,NA,NA,NA,NA,NA,NA,NA,NA,NA,NA,NA,NA
Chapman R.,2006,Effect of memory support and elicited production on fast mapping of new words by adolescents with down syndrome,Journal of Speech Language and Hearing Research,https://doi.org/10.1044/1092-4388(2006/001),Chapman_2006_Effect_of_memory.pdf,,NA,NA,NA,NA,NA,NA,NA,NA,NA,NA,NA,NA,NA,NA,NA,NA,NA,NA
Chiarello C.,2006,Neuroanatomical and behavioral asymmetry in an adult compensated dyslexic,Brain and Language,https://doi.org/10.1016/j.bandl.2006.04.012,Chiarello_2006_Neuroanatomical_and_behavioral.pdf,,NA,NA,NA,NA,NA,NA,NA,NA,NA,NA,NA,NA,NA,NA,NA,NA,NA,NA
Taft M.,2006,Obligatory decomposition in reading prefixed words,Mental Lexicon,https://doi.org/10.1075/ml.1.2.02taf,Taft_2006_Obligatory_decomposition_in.pdf,,NA,NA,NA,NA,NA,NA,NA,NA,NA,NA,NA,NA,NA,NA,NA,NA,NA,NA
Swanson H.L.,2004,The relationship between working memory and mathematical problem solving in children at risk and not at risk for serious math difficulties,Journal of Educational Psychology,https://doi.org/10.1037/0022-0663.96.3.471,Swanson_2004_The_relationship_between.pdf,,NA,NA,NA,NA,NA,NA,NA,NA,NA,NA,NA,NA,NA,NA,NA,NA,NA,NA
Weems S.A.,2004,The relationship between reading ability and lateralized lexical decision,Brain and Cognition,https://doi.org/10.1016/j.bandc.2004.03.001,Weems_2004_The_relationship_between.pdf,,NA,NA,NA,NA,NA,NA,NA,NA,NA,NA,NA,NA,NA,NA,NA,NA,NA,NA
Holyk G.G.,2004,The elusive nature of early phonological priming effects: Are there individual differences?,Brain and Language,https://doi.org/10.1016/S0093-934X(03)00447-4,Holyk_2004_The_elusive_nature.pdf,,NA,NA,NA,NA,NA,NA,NA,NA,NA,NA,NA,NA,NA,NA,NA,NA,NA,NA
Phillips N.,2004,Semantic priming in a first and second language: Evidence from reaction time variability and event-related brain potentials,Journal of Neurolinguistics,https://doi.org/10.1016/S0911-6044(03)00055-1,Phillips_2004_Semantic_priming_in.pdf,,NA,NA,NA,NA,NA,NA,NA,NA,NA,NA,NA,NA,NA,NA,NA,NA,NA,NA
Woltz D.J.,2003,Implicit cognitive processes as aptitudes for learning,Educational Psychologist,https://doi.org/10.1207/S15326985EP3802_4,Woltz_2003_Implicit_cognitive_processes.pdf,,NA,NA,NA,NA,NA,NA,NA,NA,NA,NA,NA,NA,NA,NA,NA,NA,NA,NA
Beech J.R.,2002,"Individual differences in mature readers in reading, spelling, and grapheme-phoneme conversion",Current Psychology,https://doi.org/10.1007/s12144-002-1008-9,Beech_2002_Individual_differences_in.pdf,,NA,NA,NA,NA,NA,NA,NA,NA,NA,NA,NA,NA,NA,NA,NA,NA,NA,NA
Weinstein S.,2002,Are creativity and schizotypy products of a right hemisphere bias?,Brain and Cognition,https://doi.org/10.1006/brcg.2001.1493,Weinstein_2002_Are_creativity_and.pdf,,NA,NA,NA,NA,NA,NA,NA,NA,NA,NA,NA,NA,NA,NA,NA,NA,NA,NA
Plaut D.C.,2000,Individual and developmental differences in semantic priming: Empirical and computational support for a single-mechanism account of lexical processing,Psychological Review,https://doi.org/10.1037/0033-295X.107.4.786,Plaut_2000_Individual_and_developmental.pdf,,NA,NA,NA,NA,NA,NA,NA,NA,NA,NA,NA,NA,NA,NA,NA,NA,NA,NA
Nation K.,1999,Reading skills in hyperlexia: A developmental perspective,Psychological Bulletin,https://doi.org/10.1037/0033-2909.125.3.338,Nation_1999_Reading_skills_in.pdf,,NA,NA,NA,NA,NA,NA,NA,NA,NA,NA,NA,NA,NA,NA,NA,NA,NA,NA
Schilling H.E.H.,1998,"Comparing naming, lexical decision, and eye fixation times: Word frequency effects and individual differences",Memory and Cognition,https://doi.org/10.3758/BF03201199,"Schilling_1998_Comparing_naming,_lexical.pdf",,NA,NA,NA,NA,NA,NA,NA,NA,NA,NA,NA,NA,NA,NA,NA,NA,NA,NA
Caselli M.C.,1998,Gestures and words in early development of children with Down syndrome,Journal of Speech Language and Hearing Research,https://doi.org/10.1044/jslhr.4105.1125,Caselli_1998_Gestures_and_words.pdf,,NA,NA,NA,NA,NA,NA,NA,NA,NA,NA,NA,NA,NA,NA,NA,NA,NA,NA
Cuetos F.,1997,Individual differences in lexical processing,International Journal of Phytoremediation,https://doi.org/10.1174/021093997320972016,Cuetos_1997_Individual_differences_in.pdf,,NA,NA,NA,NA,NA,NA,NA,NA,NA,NA,NA,NA,NA,NA,NA,NA,NA,NA
Pugh K.R.,1997,Predicting Reading Performance from Neuroimaging Profiles: The Cerebral Basis of Phonological Effects in Printed Word Identification,Journal of Experimental Psychology Human Perception and Performance,https://doi.org/10.1037/0096-1523.23.2.299,Pugh_1997_Predicting_Reading_Performance.pdf,,NA,NA,NA,NA,NA,NA,NA,NA,NA,NA,NA,NA,NA,NA,NA,NA,NA,NA
Plaut D.C.,1997,Structure and Function in the Lexical System: Insights from Distributed Models of Word Reading and Lexical Decision,Language and Cognitive Processes,https://doi.org/10.1080/016909697386682,Plaut_1997_Structure_and_Function.pdf,,NA,NA,NA,NA,NA,NA,NA,NA,NA,NA,NA,NA,NA,NA,NA,NA,NA,NA
Underwood G.,1994,"Individual Differences in Reading Subprocesses: Relationships Between Reading Ability, Lexical Access, and Eye Movement Control",Language and Speech,https://doi.org/10.1177/002383099403700305,Underwood_1994_Individual_Differences_in.pdf,,NA,NA,NA,NA,NA,NA,NA,NA,NA,NA,NA,NA,NA,NA,NA,NA,NA,NA
Lewellen M.,1993,"Lexical Familiarity and Processing Efficiency: Individual Differences in Naming, Lexical Decision, and Semantic Categorization",Journal of Experimental Psychology General,https://doi.org/10.1037/0096-3445.122.3.316,Lewellen_1993_Lexical_Familiarity_and.pdf,,NA,NA,NA,NA,NA,NA,NA,NA,NA,NA,NA,NA,NA,NA,NA,NA,NA,NA
Rankin J.L.,1993,Information-processing differences of college-age readers differing in reading comprehension and speed,Journal of Literacy Research,https://doi.org/10.1080/10862969009547817,Rankin_1993_Information-processing_differences_of.pdf,,NA,NA,NA,NA,NA,NA,NA,NA,NA,NA,NA,NA,NA,NA,NA,NA,NA,NA
Barnes M.,1992,"Reading in children and adolescents after early onset hydrocephalus and in normally developing age peers: Phonological analysis, word recognition, word comprehension, and passage comprehension skill",Journal of Pediatric Psychology,https://doi.org/10.1093/jpepsy/17.4.445,Barnes_1992_Reading_in_children.pdf,,NA,NA,NA,NA,NA,NA,NA,NA,NA,NA,NA,NA,NA,NA,NA,NA,NA,NA
Whitney P.,1990,Reading Ability and Semantic Processing: Isolating Speed of Access,Journal of Educational Psychology,https://doi.org/10.1037/0022-0663.82.3.479,Whitney_1990_Reading_Ability_and.pdf,,NA,NA,NA,NA,NA,NA,NA,NA,NA,NA,NA,NA,NA,NA,NA,NA,NA,NA
Butler B.,1984,Reading skill and the use of orthographic knowledge by Mature Readers,Psychological Research,https://doi.org/10.1007/BF00309068,Butler_1984_Reading_skill_and.pdf,,NA,NA,NA,NA,NA,NA,NA,NA,NA,NA,NA,NA,NA,NA,NA,NA,NA,NA
Samar V.,1983,Evoked potential and visual half-field evidence for task-dependent cerebral asymmetries in congenitally deaf adults,Brain and Cognition,https://doi.org/10.1016/0278-2626(83)90020-9,Samar_1983_Evoked_potential_and.pdf,,NA,NA,NA,NA,NA,NA,NA,NA,NA,NA,NA,NA,NA,NA,NA,NA,NA,NA
Eisenberg P.,1982,"Semantic context effects in visual word recognition, sentence processing, and reading: Evidence for semantic strategies",Journal of Experimental Psychology Human Perception and Performance,https://doi.org/10.1037/0096-1523.8.5.739,Eisenberg_1982_Semantic_context_effects.pdf,,NA,NA,NA,NA,NA,NA,NA,NA,NA,NA,NA,NA,NA,NA,NA,NA,NA,NA
